{
  "userData": [
    {
      "id": "1a450de3-f16b-404e-b831-f0e9b879b1ca",
      "name": "veer",
      "age": "23",
      "marks": "54"
    },
    {
      "id": "b167f8a9-6c27-447b-ba03-3e852778bc62",
      "name": "mouni",
      "age": "34",
      "marks": "3445"
    },
    {
      "id": "63b609e3-ea7e-40aa-ad7b-352de2c9e5c2",
      "name": "raju",
      "age": "26",
      "marks": "434"
    },
    {
      "id": "bb0b66d7-2fd3-40e3-9166-6d0e11ba785e",
      "name": "ramu",
      "age": "43",
      "marks": "567"
    },
    {
      "id": "675a1d0c-a3cf-49ba-a6da-ee49d7915510",
      "name": "ramu",
      "age": "99",
      "marks": "567"
    }
  ]
}